filename,youtube_id
real_34241,QdZnVYRFkfU
real_17726,8Vx5I1aYsKA
real_17643,7FLr8F0felg
real_43698,y2o9o_ueJ-o
real_34650,YMeO4Jc2RVQ
real_02181,BGn2oo-0Dqc
real_13659,YCh5KXwbMbs
real_47342,NwJwX7EQSKE
real_28641,ITABLVrfVrg
real_45867,ONopUTAdTk0
real_48565,4uG7-d_pZ0w
real_26620,DfPyyHaxAyo
real_13582,_XuFIfAUXJw
real_01905,JTeKpWp8Psw
real_27007,eycOSzDJP2U
real_14763,5rLLRoQ21Rw
real_45118,6WOD54CnYRE
real_01179,TbN9ysVWhhY
real_27676,S_8OKlWfqPs
real_03112,jb9CpQ00oyI
real_52011,08CgDmCF7cw
real_09978,8nW-IPrzM1g
real_18005,GhtKnLZrBAw
real_38670,KnJBtfsy4AQ
real_38076,WmErh7U7C38
real_31811,w-cqmP28YQc
real_09485,WWBPPzYJ5Jk
real_19814,dLd9U7kjgBo
real_47152,zD1DHQgmELc
real_01013,9fVOL6-m8xs
real_33928,zohX5hyx2dg
real_39593,dsxMGsUNszI
real_08995,qS6NgFB-NPg
real_06284,JURLbRHsq2I
real_48080,hgROnqfoOOI
real_24021,6-hRrKFkAQE
real_47038,qBoSNCPj3xA
real_24540,cEbQswNB6Wc
real_14309,RSB93T514Ss
real_38521,KdRu29Jn-3I
real_16910,MfrEJgdIk_Y
real_06511,isODH6gYg7s
real_53097,aBG5X_rFghs
real_40342,NlvCpsXMHJ4
real_13855,U6XQ-xcudQQ
real_43870,sqDXnxW7Hmo
real_06234,J18de6trWmg
real_17682,10JDA8SvwX8
real_15005,MTfZijDp4fg
real_39858,p2d3b4WjvSY
real_03442,Kv7K9ghgcgA
real_09576,yMQMK-kfFDk
real_01886,iZX2eztChus
real_05028,vMMBQ77q33o
real_40116,gSVpCya-j84
real_40823,_d422vNui-s
real_27368,X6hZi0FPrmg
real_29171,NnTuIJkHXZo
real_47277,zcB0Vn7euwc
real_47050,EQA5R90uvo8
real_29869,T9T5f90hwLI
real_02250,vR12DLbxcb4
real_43491,4nNmgN0b9BI
real_18700,WRmSsP5EiNw
real_20107,TX9ODx2_Vqk
real_04401,1MLMGhmS3fw
real_06523,9rkJJoa4L1Y
real_30221,5ifAAzoA8zs
real_25233,S0TFp9_WyTE
real_07817,reXTr5V1VGs
real_25922,xbLa0DywFck
real_23008,FVP0u985X0Q
real_07851,8mA-wypuSsM
real_38767,WKvuMfcHax0
real_47194,9eqIEfPG4wc
real_44498,6FsXe4jgt0Y
real_27395,RkKXUOIOzl4
real_11881,NXEksa_Rs7c
real_20569,vTCiqoSSsQI
real_18117,Md6CydEkg3k
real_07197,HGX9rp5jR9I
real_08644,KwXzBxuJ3Wg
real_27987,JUNMD8EgV0s
real_02541,cHZb0Sq5KOA
real_29135,lofdRWVqYKA
real_21762,oAL-d2Nvqek
real_20433,J3aV54NQYiQ
real_39896,YAVJPBBM0gY
real_21784,XvJQfK6XM3w
real_40298,xMeivIkwf_I
real_36494,YoKf7bLxkNQ
real_34268,0Xsh5LiwO8E
real_34835,mg99hMjO2ZE
real_16148,oEPpSiskIK4
real_51087,abr-RpzXDwA
real_45416,53REaOGr3Og
real_00475,qU6_lcEAt8w
real_30482,wgkr0MZcLk0
real_51260,zQl2XySipSQ
real_04496,Ao87MtSwxsQ
real_35572,XI5JvmKGGc0
real_14858,m_ZRWZv14SA
real_13478,q-7Kmn4ocvE
real_36896,I-phCYa7k0c
real_25623,6tnQs02lYIQ
real_09090,AOMSN_M2w-I
real_18281,ek7e_IAYMas
real_13539,KaiOyq_AZsg
real_44636,B4k7NBKBQFw
real_12672,Bt6-U9lXKPQ
real_46990,MqB-i395SKo
real_14168,4EF-IyCitB8
real_53045,chXFaqZdLfs
real_52348,rnpGLrzik78
real_31436,4x36sYqYjtA
real_01016,6OkneaH-eTA
real_32211,w-M0BqAkotA
real_50644,Dn3G4NlZo_E
real_15913,EGnXQOHVhBY
real_26878,Jw56c_Iuuxw
real_46493,46TWtP7qx3o
real_22005,gkbWHbcu5ow
real_29277,WXMtU8Jsju4
real_05172,VXZPmppYpl4
real_32861,4vO0nYxRx5M
real_30425,Mw5U5B1vxAQ
real_26039,RoN_4KHYiL0
real_53077,VAo5ayphHRw
real_35852,ip4e0Asl3sA
real_15400,sAqdabI3vDE
real_52003,jyethcqGdzs
real_01540,wjh2gav5a48
real_45731,P7FIggyRHL8
real_00232,9D56IFu7SEc
real_35718,UQaODsyM76E
real_23960,kRAP-qTpd-A
real_15429,hBi4kT3oaSw
real_49496,jFJ-2hs8nI4
real_53108,malt_JtglUs
real_06641,6DiKokaQQ4U
real_43493,CMZ-O5PoDhg
real_30529,kqavwKIvtk4
real_07873,NBNpGCIavwA
real_38519,J_iHWsBbKu8
real_40941,yLVijwL5hhY
real_25163,iSolMPTvEUI
real_36349,bdPbBglm7lc
real_40990,iImnNek9W_U
real_42225,bMxp4O70Tuc
real_36441,gC4la3pYWx8
real_36857,PmM1zdepbzo
real_37199,xhX4c7QjbKQ
real_38448,lzaBoLyq5aE
real_36256,qhpN0t1QDnQ
real_38507,QIc-PXrZLmg
real_00074,zNLeCGvSaZM
real_07974,caXfbZ7Njdk
real_27938,wH-jV6bGXK0
real_27335,dIhA56jUUhc
real_38367,9xHqdb_0lU4
real_34515,OsYJWLaq9UI
real_47064,40RE64wvUok
real_25381,HIPMBtPZjdU
real_37922,m6rD-b45gCg
real_44848,wTdI9eijGFM
real_49331,z_5afwottyI
real_33176,2iURxWTpdiM
real_03017,205K9Pim2oE
real_17697,XGwMZoyHLx8
real_04600,gvvMTk-r_7Y
real_52395,pZwc_4F8EKU
real_20358,pbrvUEMeGik
real_37288,rCBuNEfADuo
real_53020,SS0LyfJCsxo
real_11324,ZErsP0zAGWQ
real_12995,81_x9FX67-c
real_37374,LDYJCwN6gAc
real_23043,2TZFokYbm_4
real_07478,UWeXh4tb_Zs
real_09573,M6KWHiIjfsY
real_12576,jpMZ_gfP-yU
real_20088,_4udHiXxlUU
real_46739,wIsuBc5p5Bo
real_46407,cTO-mKy8Mss
real_39349,l6CWibI0Q_0
real_05537,KwVxIf7Ot74
real_16718,0cITGRTD224
real_30568,MacpTUIl4Ck
real_47438,9yHUU3FouyA
real_15534,jMMkP_ofpXg
real_42146,lyyAti1UrXo
real_51591,d7L6SbS-9d4
real_20620,GZ1PIXU0YWg
real_12704,Lt315PJvY9o
real_37158,RtYwAO41wDg
real_38986,yFNGt4pzzeM
real_18249,-SGJ0-iPWEk
real_21562,nKgFyosuVRw
real_30369,YPleR1oXB5o
real_19280,-GJ-0bkm9-k
real_30171,CVhjLIiJM30
real_39746,2Qu11pBpRXw
real_05907,aoSK7vju_l8
real_45770,QZwX3S2FQgw
real_41654,e2GN0xhfSRU
real_46447,86EK6TBvUDA
real_30665,DUi_-8IJ1Gg
real_20554,KitRwTu4SvQ
real_52881,oaaZ-Fo4FnU
real_37483,jEVEUDPuU9k
real_44889,_5kQnc42b90
real_52471,KMD97hFSV5w
real_05716,cm_PtGw4Rq8
real_06315,OwYzzfRerJ0
real_07437,9pK5j78E7Cs
real_17765,KA1U6wp5700
real_15589,Y4JFiGFjQuw
real_18772,7s6JIEzKwOc
real_01199,b5Uoh7RHmrM
real_30852,v8plytmvE4k
real_35984,d99LoP5D-Ko
real_52982,tzZcvRuVN68
real_31472,02EtDwdJA9Q
real_20529,RBUiPyVFPxo
real_37822,AHBy7IHIbhE
real_52737,XIDeRPK6z64
real_40746,kG55eXT4ZXA
real_14616,3jI_-8UQmN0
real_36712,x7TjB1hLHhM
real_33353,5RtPDMRXMvw
real_34181,ZxBu2Le-QBs
real_13277,O3S02AreWWc
real_36638,gX-04oKskFs
real_36507,D_QuQXlk-Ww
real_00004,_nxrYwT0SIo
real_50843,jM5enXu2YT4
real_00561,xW_u9Dv-iEQ
real_13376,AicbSnBuN0w
real_06316,VnTue6GFTOY
real_39148,qEPRHY06jNE
real_46485,HuHFzdAGTc4
real_10238,jjNP9hdqfS4
real_41271,ODFhbqZjCI8
real_06672,jiU2lrGnT7U
real_47376,EEP0dmcMCGU
real_39308,mrJxAVmLSDk
real_45503,HINxvjJIiKc
real_24030,PP20tCUx5mU
real_01957,wtOChOy_cIw
real_35703,hIIYoc0slSY
real_35152,DBVHcJnRICo
real_06213,hEoatd1zswc
real_16469,mZx_h9yZLmM
real_00557,s_Kecv6eJNM
real_02283,vvlyDoV2l0A
real_40642,mUMxfWky2E0
real_33867,Qb3O0Z6Tyyo
real_39298,0G9A0qEIlUo
real_06676,riUsAqwMMrQ
real_38556,QXXiEaeeBt4
real_51990,TWjS9dtaUwM
real_33901,7NPPZHZoz3w
real_09038,vA4ewUgA_SM
real_47056,c5t_11GQJDQ
real_18807,9HJmvgrOlV8
real_16920,Gtgh5lDLLLw
real_48967,Og2os4aeDGo
real_01467,BGMs_O5oOCA
real_04751,YohL_QJhFaw
real_03247,BFqH3eXPEHE
real_19740,_JLsGvl4MY8
real_34589,sIrNuGUepaY
real_30725,IFgYVQctOWk
real_01539,QPzOeESWG5o
real_19081,AaRIkX1JfEY
real_15825,7zgFrQRd5bw
real_36115,HNhLSHP1d1o
